time_days,fallback_rate
30.0,10.0
30.94188376753507,9.497825231366381
31.88376753507014,9.034817155311167
32.82565130260521,8.60689500101631
33.76753507014028,8.21050415533155
34.70941883767535,7.842536002961843
35.65130260521042,7.500261757378461
36.59318637274549,7.181277546037417
37.53507014028056,6.883458603437527
38.476953907815634,6.604920877083541
39.4188376753507,6.343988699521833
40.360721442885776,6.099167449824793
41.30260521042084,5.869120339012884
42.24448897795591,5.652648619865461
43.186372745490985,5.448674652807868
44.12825651302605,5.256227363920143
45.07014028056112,5.074429714540405
46.012024048096194,4.902487868971427
46.95390781563127,4.739681800925071
47.89579158316633,4.585357123245773
48.8376753507014,4.438917961229495
49.77955911823648,4.299820719128833
50.721442885771545,4.167568613487745
51.66332665330661,4.04170686678986
52.605210420841686,3.9218184713316977
53.547094188376754,3.8075204468833306
54.48897795591182,3.698460527082455
55.430861723446895,3.5943142190325386
56.37274549098197,3.49478218857071
57.31462925851704,3.39958793040317
58.256513026052104,3.3084756879917068
59.19839679358718,3.2212085928909104
60.140280561122246,3.1375669973265143
61.08216432865731,3.057346977289524
62.02404809619239,2.9803589863962445
62.965931863727455,2.906426643311692
63.90781563126253,2.8353856377201203
64.8496993987976,2.767082741707309
65.79158316633266,2.7013749150409962
66.73346693386773,2.638128494237528
67.6753507014028,2.5772184565167033
68.61723446893788,2.5185277508003927
69.55911823647295,2.461946688826861
70.50100200400801,2.407372390251273
71.44288577154309,2.3547082763000353
72.38476953907815,2.303863607156603
73.32665330661322,2.2547530587908167
74.2685370741483,2.2072963354131696
75.21042084168337,2.1614178141480527
76.15230460921845,2.1170462188836012
77.09418837675351,2.074114320576591
78.03607214428858,2.0325586615743183
78.97795591182364,1.9923193017664125
79.91983967935872,1.9533395846019923
80.86172344689379,1.915565921205147
81.80360721442887,1.878947590997331
82.74549098196394,1.8434365573916907
83.687374749499,1.808987297263743
84.62925851703407,1.7755566430273415
85.57114228456913,1.7431036362561623
86.51302605210421,1.7115893918905554
87.45490981963928,1.6809769721589212
88.39679358717436,1.6512312694228761
89.33867735470943,1.622318897227486
90.28056112224449,1.5942080889025934
91.22244488977955,1.566868603119571
92.16432865731463,1.5402716358604338
93.1062124248497,1.5143897383036662
94.04809619238478,1.4891967401740136
94.98997995991985,1.4646676781422547
95.93186372745491,1.4407787288960874
96.87374749498998,1.4175071465350733
97.81563126252506,1.3948312039714632
98.75751503006012,1.372730138044937
99.6993987975952,1.3511840980831102
100.64128256513027,1.3301740976613676
101.58316633266533,1.30968196933529
102.5250501002004,1.289690322136963
103.46693386773548,1.2701825016428692
104.40881763527055,1.2511425524360327
105.35070140280561,1.2325551827988184
106.29258517034069,1.2144057314852814
107.23446893787576,1.1966801364334525
108.17635270541082,1.1793649052884423
109.1182364729459,1.1624470876168722
110.06012024048097,1.1459142487019902
111.00200400801603,1.1297544448169325
111.9438877755511,1.1139561998810472
112.88577154308618,1.0985084834110634
113.82765531062125,1.0834006896851873
114.76953907815631,1.0686226180440164
115.71142284569139,1.0541644542575301
116.65330661322646,1.0400167528923399
117.59519038076152,1.0261704206179356
118.5370741482966,1.0126167003948894
119.47895791583167,0.9993471564918482
120.42084168336675,0.9863536602817474
121.3627254509018,0.9736283767710024
122.30460921843688,0.9611637518185159
123.24649298597195,0.9489525000041871
124.18837675350701,0.9369875931092508
125.13026052104209,0.9252622491732303
126.07214428857716,0.9137699220945588
127.01402805611222,0.9025042917440393
127.9559118236473,0.8914592545622678
128.8977955911824,0.8806289146139811
129.83967935871743,0.8700075750739722
130.7815631262525,0.859589730120806
131.72344689378758,0.8493700572160322
132.66533066132266,0.8393434097479634
133.60721442885773,0.8295048100203585
134.54909819639278,0.8198494425675469
135.49098196392788,0.8103726477786362
136.43286573146293,0.8010699158144816
137.374749498998,0.7919368808020594
138.31663326653307,0.7829693152918056
139.25851703406815,0.7741631249643035
140.20040080160322,0.765514343573511
141.14228456913827,0.7570191281144569
142.08416833667337,0.7486737542040149
143.02605210420842,0.7404746116640313
143.9679358717435,0.7324182002966675
144.90981963927857,0.7245011258424119
145.8517034068136,0.7167200961117273
146.79358717434872,0.7090719172818155
147.73547094188376,0.7015534903504456
148.67735470941886,0.6941618077392302
149.6192384769539,0.6868939500391587
150.56112224448898,0.6797470828915688
151.50300601202406,0.6727184539981272
152.4448897795591,0.66580539025371
153.3867735470942,0.6590052949964131
154.32865731462925,0.6523156453692279
155.27054108216436,0.6457339897881891
156.2124248496994,0.6392579455120944
157.15430861723448,0.6328851963091282
158.09619238476955,0.6266134902159815
159.03807615230463,0.6204406373852667
159.9799599198397,0.6143645080172588
160.92184368737475,0.6083830303721809
161.86372745490982,0.6024941888594474
162.8056112224449,0.5966960222004642
163.74749498997997,0.5909866216617405
164.68937875751504,0.58536412935524
165.63126252505012,0.5798267366030451
166.57314629258516,0.57437268236355
167.51503006012024,0.5690002517165358
168.4569138276553,0.5637077744046096
169.3987975951904,0.558493623428608
170.34068136272546,0.5533562136946804
171.28256513026054,0.5482940007108817
172.2244488977956,0.5433054793311974
173.16633266533066,0.5383891825450295
174.10821643286573,0.5335436803102603
175.0501002004008,0.5287675784281011
175.99198396793588,0.5240595174580114
176.93386773547095,0.5194181716710597
177.87575150300603,0.5148422480401651
178.8176352705411,0.5103304852657349
179.75951903807615,0.5058816528352776
180.70140280561122,0.5014945501156375
181.6432865731463,0.49716800547655415
182.58517034068137,0.49290087544431227
183.52705410821645,0.4886920438842976
184.46893787575152,0.4845404212113321
185.4108216432866,0.48044494362670603
186.35270541082164,0.47640457238087436
187.29458917835672,0.47241829306083183
188.2364729458918,0.46848511490121925
189.17835671342687,0.46460407011825683
190.12024048096194,0.46077421326564116
191.062124248497,0.4569946206115744
192.00400801603206,0.45326438953613346
192.94589178356713,0.4495826379482193
193.8877755511022,0.4459485037213592
194.82965931863728,0.442361144147661
195.77154308617236,0.4388197354092552
196.71342685370743,0.4353234720665811
197.6553106212425,0.43187156656290326
198.59719438877755,0.4284632487444694
199.53907815631263,0.4250977653957446
200.4809619238477,0.4217743797891793
201.42284569138278,0.4184923712489911
202.36472945891785,0.4152510347284606
203.30661322645292,0.41204968040026274
204.248496993988,0.4088876332593736
205.19038076152304,0.4057642327381095
206.13226452905812,0.40267883233287494
207.0741482965932,0.3996307992422127
208.01603206412827,0.39661951401576195
208.95791583166334,0.3936443702137504
209.89979959919842,0.390704774076657
210.8416833667335,0.3878001442046972
211.78356713426854,0.38492991124679937
212.7254509018036,0.3820935175987455
213.6673346693387,0.3792904171101721
214.60921843687376,0.3765200748001302
215.55110220440883,0.3737819665809199
216.4929859719439,0.37107557898992183
217.43486973947896,0.36840040892916426
218.37675350701403,0.365755963412365
219.3186372745491,0.36314175931920745
220.26052104208418,0.36055732315661093
221.20240480961925,0.3580021908267679
222.14428857715433,0.35547590740172896
223.0861723446894,0.3529780269043236
224.02805611222445,0.3505081120952131
224.96993987975952,0.34806573426587767
225.9118236472946,0.34565047303735114
226.85370741482967,0.3432619161645178
227.79559118236475,0.340899659345796
228.73747494989982,0.33856330603804047
229.6793587174349,0.3362524672764967
230.62124248496994,0.33396676149965154
231.56312625250501,0.33170581437882624
232.5050100200401,0.32946925865236665
233.44689378757516,0.32725673396428534
234.38877755511024,0.32506788670722275
235.3306613226453,0.32290236986959164
236.27254509018036,0.32075984288677833
237.21442885771543,0.3186399714962784
238.1563126252505,0.3165424275966461
239.09819639278558,0.3144668891101438
240.04008016032066,0.31241303984897884
240.98196392785573,0.3103805693850221
241.9238476953908,0.30836917292290295
242.86573146292585,0.30637855117638163
243.80761523046093,0.3044084102479012
244.749498997996,0.302458461511226
245.69138276553107,0.30052842149707504
246.63326653306615,0.2986180117816641
247.57515030060122,0.29672695887807116
248.5170340681363,0.2948549941303425
249.45891783567134,0.29300185361026143
250.40080160320642,0.2911672780167028
251.3426853707415,0.2893510125774975
252.28456913827657,0.28755280695373864
253.22645290581164,0.2857724151464548
254.16833667334672,0.2840095954055886
255.1102204408818,0.2822641101412119
256.05210420841684,0.2805357258369148
256.9939879759519,0.2788242129653098
257.935871743487,0.27712934590558946
258.8777555110221,0.2754509028630813
259.81963927855713,0.2737886657907452
260.7615230460922,0.2721424203125577
261.7034068136272,0.27051195564873365
262.6452905811623,0.2688970645427327
263.58717434869743,0.2672975431900031
264.5290581162325,0.2657131911684141
265.4709418837675,0.26414381137033277
266.4128256513026,0.26258920993629936
267.35470941883773,0.26104919619025896
268.2965931863728,0.25952358257630653
269.2384769539078,0.2580121845969063
270.18036072144287,0.25651482075254417
271.12224448897797,0.25503131248277777
272.0641282565131,0.2535614841086441
273.0060120240481,0.25210516277639095
273.94789579158316,0.25066217840249627
274.8897795591182,0.24923236361994225
275.8316633266533,0.24781555372571082
276.7735470941884,0.24641158662946955
277.71543086172346,0.24502030280341563
278.6573146292585,0.24364154523324932
279.5991983967936,0.24227515937024682
280.5410821643287,0.24092099308440557
281.48296593186376,0.23957889661863213
282.4248496993988,0.23824872254394877
283.36673346693385,0.236930325715691
284.30861723446895,0.23562356323067132
285.25050100200406,0.23432829438528532
286.1923847695391,0.2330443806345358
287.13426853707415,0.23177168555195116
288.07615230460925,0.23051007479037808
289.0180360721443,0.22925941604362401
289.9599198396794,0.2280195790089293
290.90180360721445,0.2267904353502494
291.8436873747495,0.22557185866232496
292.7855711422846,0.22436372443552294
293.72745490981964,0.22316591002142805
294.66933867735474,0.22197829459916585
295.6112224448898,0.22080075914244207
296.55310621242484,0.21963318638727733
297.49498997995994,0.21847546080042327
298.436873747495,0.2173274685484427
299.3787575150301,0.21618909746743642
300.32064128256513,0.21506023703340355
301.26252505010024,0.21394077833321823
302.2044088176353,0.2128306140362092
303.14629258517033,0.21172963836632697
304.08817635270543,0.2106377470748856
305.0300601202405,0.2095548374138651
305.9719438877756,0.20848080810976038
306.9138276553106,0.2074155593379656
307.85571142284573,0.20635899269767974
308.7975951903808,0.20531101118732267
309.7394789579158,0.20427151918044822
310.6813627254509,0.20324042240214435
311.62324649298597,0.20221762790590805
312.5651302605211,0.2012030440509841
313.5070140280561,0.20019658048015804
314.4488977955912,0.19919814809799066
315.39078156312627,0.19820765904948756
316.3326653306613,0.19722502669918954
317.2745490981964,0.19625016561067776
318.21643286573146,0.1952829915264827
319.15831663326657,0.19432342134838712
320.1002004008016,0.19337137311811664
321.0420841683367,0.19242676599840586
321.98396793587176,0.19148952025443503
322.9258517034068,0.1905595572356256
323.8677354709419,0.1896367993577901
324.80961923847696,0.1887211700856254
325.75150300601206,0.18781259391554392
326.6933867735471,0.1869109963588343
327.6352705410822,0.18601630392514407
328.57715430861725,0.18512844410627863
329.5190380761523,0.18424734536030749
330.4609218436874,0.18337293709597297
331.40280561122245,0.18250514965739423
332.34468937875755,0.1816439143090591
333.2865731462926,0.18078916322109953
334.2284569138277,0.17994082945484224
335.17034068136275,0.17909884694863104
336.1122244488978,0.17826315050391256
337.0541082164329,0.17743367577158195
337.99599198396794,0.17661035923858162
338.93787575150304,0.17579313821474768
339.8797595190381,0.17498195081989987
340.8216432865732,0.1741767359711684
341.76352705410824,0.17337743337055414
342.7054108216433,0.17258398349271586
343.6472945891784,0.17179632757298074
344.58917835671343,0.17101440759557346
345.53106212424854,0.1702381662820582
346.4729458917836,0.16946754707999084
347.4148296593186,0.1687024941517753
348.35671342685373,0.16794295236372092
349.2985971943888,0.16718886727529686
350.2404809619239,0.16644018512857767
351.1823647294589,0.16569685283787894
352.124248496994,0.1649588179795762
353.0661322645291,0.1642260287821062
354.0080160320641,0.1634984341161438
354.9498997995992,0.1627759834849537
355.89178356713427,0.16205862701491186
356.83366733466937,0.1613463154461933
357.7755511022044,0.1606390001236235
358.7174348697395,0.1599366329876898
359.65931863727457,0.1592391665657095
360.6012024048096,0.15854655396315148
361.5430861723447,0.1578587488551087
362.48496993987976,0.15717570547791837
363.42685370741486,0.15649737862092586
364.3687374749499,0.15582372361839206
365.310621242485,0.1551546963415381
366.25250501002006,0.15449025319072734
367.1943887775551,0.15383035108778054
368.1362725450902,0.15317494746842208
369.07815631262525,0.15252400027485463
370.02004008016036,0.15187746794845963
370.9619238476954,0.15123530942262148
371.9038076152305,0.15059748411567211
372.84569138276555,0.14996395192395542
373.7875751503006,0.14933467321500682
374.7294589178357,0.1487096088208478
375.67134268537075,0.14808872003139262
376.61322645290585,0.14747196858796394
377.5551102204409,0.14685931667691726
378.496993987976,0.14625072692337013
379.43887775551104,0.14564616238503583
380.3807615230461,0.1450455865461581
381.3226452905812,0.14444896331154602
382.26452905811624,0.14385625700070698
383.20641282565134,0.14326743234207506
384.1482965931864,0.14268245446733444
385.0901803607215,0.14210128890583454
386.03206412825654,0.1415239015790967
386.9739478957916,0.14095025879540932
387.9158316633267,0.14038032724451066
388.85771543086173,0.1398140739923576
389.79959919839683,0.13925146647597803
390.7414829659319,0.13869247249840666
391.683366733467,0.1381370602237013
392.62525050100203,0.13758519817203937
393.5671342685371,0.13703685521489187
394.5090180360722,0.1364920005702747
395.4509018036072,0.13595060379807525
396.3927855711423,0.13541263479545243
397.3346693386774,0.1348780637923102
398.2765531062124,0.13434686134684162
399.2184368737475,0.13381899834114336
400.16032064128257,0.1332944459768989
401.10220440881767,0.1327731757711292
402.0440881763527,0.13225515955200967
402.9859719438878,0.13174036945475226
403.92785571142286,0.13122877791755183
404.8697394789579,0.13072035767759468
405.811623246493,0.13021508176712945
406.75350701402806,0.12971292350959843
407.69539078156316,0.12921385651582792
408.6372745490982,0.12871785468027805
409.5791583166333,0.1282248921773491
410.52104208416836,0.12773494345774491
411.4629258517034,0.12724798324489142
412.4048096192385,0.1267639865314097
413.34669338677355,0.1262829285756428
414.28857715430865,0.12580478489823493
415.2304609218437,0.12532953127876245
416.1723446893788,0.12485714375241548
417.11422845691385,0.12438759860672978
418.0561122244489,0.1239208723783672
418.997995991984,0.12345694184994488
419.93987975951904,0.12299578404691142
420.88176352705415,0.1225373762344697
421.8236472945892,0.1220816959145457
422.7655310621243,0.12162872082280193
423.70741482965934,0.12117842892569547
424.6492985971944,0.12073079841757914
425.5911823647295,0.12028580771784571
426.53306613226454,0.11984343546811395
427.47494989979964,0.11940366052945593
428.4168336673347,0.1189664619796652
429.3587174348698,0.11853181911056435
430.30060120240483,0.11809971142535265
431.2424849699399,0.1176701186359915
432.184368737475,0.11724302066062821
433.12625250501003,0.11681839762105718
434.06813627254513,0.1163962298402175
435.0100200400802,0.11597649783972687
435.9519038076153,0.11555918233745092
436.8937875751503,0.11514426424510753
437.8356713426854,0.11473172466590527
438.7775551102205,0.11432154489221587
439.7194388777555,0.11391370640327982
440.6613226452906,0.11350819086294436
441.60320641282567,0.11310498011743428
442.5450901803607,0.11270405619315353
443.4869739478958,0.11230540129451844
444.42885771543087,0.11190899780182152
445.37074148296597,0.11151482826912502
446.312625250501,0.11112287542218455
447.2545090180361,0.11073312215640138
448.19639278557116,0.11034555153480388
449.1382765531062,0.10996014678605671
450.0801603206413,0.1095768913024981
451.02204408817636,0.1091957686382042
451.96392785571146,0.10881676250708046
452.9058116232465,0.10843985678097952
453.8476953907816,0.10806503548784477
454.78957915831666,0.10769228280987996
455.7314629258517,0.10732158308174372
456.6733466933868,0.10695292078876895
457.61523046092185,0.10658628056520679
458.55711422845695,0.10622164719249433
459.498997995992,0.10585900559754627
460.4408817635271,0.10549834085106956
461.38276553106215,0.10513963816590136
462.3246492985972,0.104782882895369
463.2665330661323,0.10442806053167278
464.20841683366734,0.10407515670429024
465.15030060120245,0.10372415717840189
466.0921843687375,0.10337504785333852
467.0340681362726,0.10302781476104901
467.97595190380764,0.10268244406458879
468.9178356713427,0.10233892205662865
469.8597194388778,0.10199723515798326
470.80160320641284,0.10165736991615956
471.74348697394794,0.10131931300392415
472.685370741483,0.10098305121788997
473.6272545090181,0.1006485714771215
474.56913827655313,0.10031586082175858
475.5110220440882,0.09998490641165829
476.4529058116233,0.09965569552505464
477.3947895791583,0.09932821555723616
478.33667334669343,0.0990024540192404
479.2785571142285,0.09867839853656604
480.2204408817636,0.09835603684790131
481.1623246492986,0.09803535680386949
482.10420841683367,0.09771634636579021
483.0460921843688,0.0973989936044574
483.9879759519038,0.0970832866989327
484.9298597194389,0.09676921393535445
485.87174348697397,0.0964567637057625
486.8136272545091,0.09614592450693758
487.7555110220441,0.0958366849392561
488.69739478957916,0.09552903370555935
489.63927855711427,0.09522295961003732
490.5811623246493,0.09491845155712678
491.5230460921844,0.09461549855042344
492.46492985971946,0.09431408969160783
493.4068136272545,0.09401421417938516
494.3486973947896,0.09371586130843822
495.29058116232466,0.09341902046839393
496.23246492985976,0.09312368114280276
497.1743486973948,0.09282983290813103
498.1162324649299,0.09253746543276589
499.05811623246495,0.09224656847603305
500.0,0.09195713188722635
