time_days,fallback_rate,accretion_rate,luminosity_observed
30.0,10.0,2.0,0.2
30.94188376753507,9.49782523136638,2.0,0.2
31.88376753507014,9.034817155311169,2.0,0.2
32.82565130260521,8.60689500101631,2.0,0.2
33.76753507014028,8.21050415533155,2.0,0.2
34.70941883767535,7.842536002961843,2.0,0.2
35.65130260521042,7.500261757378461,2.0,0.2
36.59318637274549,7.181277546037417,2.0,0.2
37.53507014028056,6.883458603437527,2.0,0.2
38.476953907815634,6.604920877083541,2.0,0.2
39.4188376753507,6.343988699521833,2.0,0.2
40.360721442885776,6.099167449824793,2.0,0.2
41.30260521042084,5.869120339012884,2.0,0.2
42.24448897795591,5.652648619865461,2.0,0.2
43.186372745490985,5.448674652807868,2.0,0.2
44.12825651302605,5.256227363920143,2.0,0.2
45.07014028056112,5.074429714540405,2.0,0.2
46.012024048096194,4.902487868971427,2.0,0.2
46.95390781563127,4.739681800925071,2.0,0.2
47.89579158316633,4.585357123245773,2.0,0.2
48.8376753507014,4.438917961229495,2.0,0.2
49.77955911823648,4.299820719128833,2.0,0.2
50.721442885771545,4.167568613487745,2.0,0.2
51.66332665330661,4.04170686678986,2.0,0.2
52.605210420841686,3.9218184713316977,2.0,0.2
53.547094188376754,3.8075204468833306,2.0,0.2
54.48897795591182,3.698460527082455,2.0,0.2
55.430861723446895,3.5943142190325386,2.0,0.2
56.37274549098197,3.49478218857071,2.0,0.2
57.31462925851704,3.39958793040317,2.0,0.2
58.2565130260521,3.3084756879917068,2.0,0.2
59.19839679358718,3.2212085928909104,2.0,0.2
60.140280561122246,3.1375669973265143,2.0,0.2
61.08216432865731,3.057346977289524,2.0,0.2
62.02404809619239,2.9803589863962445,2.0,0.2
62.965931863727455,2.906426643311692,2.0,0.2
63.90781563126253,2.8353856377201203,2.0,0.2
64.8496993987976,2.767082741707309,2.0,0.2
65.79158316633266,2.701374915040996,2.0,0.2
66.73346693386773,2.638128494237528,2.0,0.2
67.6753507014028,2.577218456516704,2.0,0.2
68.61723446893788,2.5185277508003927,2.0,0.2
69.55911823647295,2.461946688826861,2.0,0.2
70.50100200400801,2.407372390251273,2.0,0.2
71.44288577154309,2.3547082763000358,2.0,0.2
72.38476953907815,2.303863607156603,2.0,0.2
73.32665330661322,2.2547530587908167,2.0,0.2
74.2685370741483,2.2072963354131696,2.0,0.2
75.21042084168337,2.1614178141480527,2.0,0.2
76.15230460921845,2.117046218883601,2.0,0.2
77.09418837675351,2.074114320576591,2.0,0.2
78.03607214428858,2.0325586615743183,2.0,0.2
78.97795591182364,1.9923193017664125,1.9923193017664125,0.19923193017664126
79.91983967935872,1.9533395846019923,1.9533395846019923,0.19533395846019924
80.86172344689379,1.915565921205147,1.915565921205147,0.1915565921205147
81.80360721442887,1.878947590997331,1.878947590997331,0.1878947590997331
82.74549098196394,1.8434365573916909,1.8434365573916909,0.1843436557391691
83.687374749499,1.808987297263743,1.808987297263743,0.18089872972637433
84.62925851703407,1.7755566430273415,1.7755566430273415,0.17755566430273417
85.57114228456913,1.7431036362561625,1.7431036362561625,0.17431036362561625
86.51302605210421,1.7115893918905554,1.7115893918905554,0.17115893918905556
87.45490981963928,1.6809769721589212,1.6809769721589212,0.16809769721589213
88.39679358717436,1.651231269422876,1.651231269422876,0.1651231269422876
89.33867735470943,1.622318897227486,1.622318897227486,0.1622318897227486
90.28056112224448,1.5942080889025934,1.5942080889025934,0.15942080889025934
91.22244488977957,1.566868603119571,1.566868603119571,0.1566868603119571
92.16432865731464,1.5402716358604338,1.5402716358604338,0.1540271635860434
93.1062124248497,1.5143897383036662,1.5143897383036662,0.15143897383036664
94.04809619238478,1.4891967401740136,1.4891967401740136,0.14891967401740136
94.98997995991984,1.4646676781422547,1.4646676781422547,0.1464667678142255
95.93186372745492,1.4407787288960874,1.4407787288960874,0.14407787288960874
96.87374749498998,1.4175071465350733,1.4175071465350733,0.14175071465350733
97.81563126252506,1.3948312039714632,1.3948312039714632,0.13948312039714633
98.75751503006012,1.372730138044937,1.372730138044937,0.13727301380449372
99.6993987975952,1.3511840980831102,1.3511840980831102,0.13511840980831102
100.64128256513028,1.3301740976613676,1.3301740976613676,0.13301740976613677
101.58316633266531,1.30968196933529,1.30968196933529,0.13096819693352899
102.5250501002004,1.289690322136963,1.289690322136963,0.12896903221369632
103.46693386773548,1.2701825016428692,1.2701825016428692,0.12701825016428692
104.40881763527057,1.251142552436033,1.251142552436033,0.12511425524360328
105.3507014028056,1.2325551827988184,1.2325551827988184,0.12325551827988185
106.29258517034069,1.2144057314852814,1.2144057314852814,0.12144057314852814
107.23446893787576,1.1966801364334525,1.1966801364334525,0.11966801364334526
108.17635270541082,1.1793649052884425,1.1793649052884425,0.11793649052884425
109.1182364729459,1.1624470876168722,1.1624470876168722,0.11624470876168723
110.06012024048096,1.1459142487019902,1.1459142487019902,0.11459142487019902
111.00200400801604,1.1297544448169323,1.1297544448169323,0.11297544448169324
111.9438877755511,1.1139561998810472,1.1139561998810472,0.11139561998810472
112.88577154308618,1.0985084834110634,1.0985084834110634,0.10985084834110635
113.82765531062124,1.083400689685187,1.083400689685187,0.10834006896851872
114.76953907815631,1.0686226180440164,1.0686226180440164,0.10686226180440164
115.7114228456914,1.05416445425753,1.05416445425753,0.105416445425753
116.65330661322646,1.04001675289234,1.04001675289234,0.10400167528923401
117.59519038076152,1.0261704206179356,1.0261704206179356,0.10261704206179356
118.5370741482966,1.0126167003948894,1.0126167003948894,0.10126167003948894
119.47895791583169,0.9993471564918482,0.9993471564918482,0.09993471564918482
120.42084168336676,0.9863536602817474,0.9863536602817474,0.09863536602817474
121.3627254509018,0.9736283767710024,0.9736283767710024,0.09736283767710024
122.30460921843688,0.961163751818516,0.961163751818516,0.09611637518185161
123.24649298597195,0.9489525000041872,0.9489525000041872,0.09489525000041872
124.188376753507,0.9369875931092508,0.9369875931092508,0.09369875931092508
125.13026052104208,0.9252622491732304,0.9252622491732304,0.09252622491732304
126.07214428857716,0.9137699220945588,0.9137699220945588,0.09137699220945589
127.01402805611222,0.9025042917440392,0.9025042917440392,0.09025042917440393
127.9559118236473,0.8914592545622678,0.8914592545622678,0.0891459254562268
128.8977955911824,0.8806289146139811,0.8806289146139811,0.08806289146139812
129.83967935871743,0.8700075750739722,0.8700075750739722,0.08700075750739722
130.7815631262525,0.859589730120806,0.859589730120806,0.08595897301208061
131.72344689378758,0.8493700572160322,0.8493700572160322,0.08493700572160323
132.66533066132266,0.8393434097479634,0.8393434097479634,0.08393434097479635
133.60721442885773,0.8295048100203585,0.8295048100203585,0.08295048100203585
134.54909819639278,0.8198494425675469,0.8198494425675469,0.08198494425675469
135.49098196392788,0.8103726477786362,0.8103726477786362,0.08103726477786362
136.43286573146293,0.8010699158144816,0.8010699158144816,0.08010699158144817
137.374749498998,0.7919368808020594,0.7919368808020594,0.07919368808020594
138.31663326653307,0.7829693152918056,0.7829693152918056,0.07829693152918056
139.25851703406815,0.7741631249643035,0.7741631249643035,0.07741631249643036
140.20040080160322,0.765514343573511,0.765514343573511,0.07655143435735111
141.14228456913827,0.7570191281144569,0.7570191281144569,0.0757019128114457
142.08416833667337,0.7486737542040149,0.7486737542040149,0.07486737542040149
143.02605210420842,0.7404746116640313,0.7404746116640313,0.07404746116640314
143.9679358717435,0.7324182002966675,0.7324182002966675,0.07324182002966675
144.90981963927857,0.7245011258424119,0.7245011258424119,0.0724501125842412
145.8517034068136,0.7167200961117273,0.7167200961117273,0.07167200961117273
146.79358717434872,0.7090719172818155,0.7090719172818155,0.07090719172818155
147.73547094188376,0.7015534903504456,0.7015534903504456,0.07015534903504456
148.67735470941886,0.6941618077392302,0.6941618077392302,0.06941618077392302
149.6192384769539,0.6868939500391587,0.6868939500391587,0.06868939500391587
150.56112224448898,0.6797470828915688,0.6797470828915688,0.06797470828915689
151.50300601202406,0.6727184539981272,0.6727184539981272,0.06727184539981272
152.4448897795591,0.66580539025371,0.66580539025371,0.066580539025371
153.3867735470942,0.6590052949964131,0.6590052949964131,0.06590052949964131
154.32865731462925,0.6523156453692279,0.6523156453692279,0.06523156453692279
155.27054108216436,0.6457339897881891,0.6457339897881891,0.0645733989788189
156.2124248496994,0.6392579455120944,0.6392579455120944,0.06392579455120943
157.15430861723448,0.6328851963091282,0.6328851963091282,0.06328851963091282
158.09619238476955,0.6266134902159815,0.6266134902159815,0.06266134902159815
159.03807615230463,0.6204406373852667,0.6204406373852667,0.06204406373852667
159.9799599198397,0.6143645080172588,0.6143645080172588,0.061436450801725884
160.92184368737475,0.6083830303721809,0.6083830303721809,0.06083830303721809
161.86372745490982,0.6024941888594474,0.6024941888594474,0.06024941888594474
162.8056112224449,0.5966960222004642,0.5966960222004642,0.05966960222004643
163.74749498997997,0.5909866216617405,0.5909866216617405,0.05909866216617406
164.68937875751504,0.58536412935524,0.58536412935524,0.058536412935524
165.63126252505012,0.5798267366030451,0.5798267366030451,0.05798267366030451
166.57314629258516,0.57437268236355,0.57437268236355,0.057437268236355005
167.51503006012024,0.5690002517165358,0.5690002517165358,0.05690002517165358
168.4569138276553,0.5637077744046096,0.5637077744046096,0.05637077744046096
169.3987975951904,0.558493623428608,0.558493623428608,0.0558493623428608
170.34068136272546,0.5533562136946804,0.5533562136946804,0.05533562136946804
171.28256513026054,0.5482940007108817,0.5482940007108817,0.05482940007108818
172.2244488977956,0.5433054793311974,0.5433054793311974,0.05433054793311975
173.16633266533066,0.5383891825450295,0.5383891825450295,0.05383891825450296
174.10821643286573,0.5335436803102603,0.5335436803102603,0.053354368031026035
175.0501002004008,0.5287675784281011,0.5287675784281011,0.05287675784281011
175.99198396793588,0.5240595174580114,0.5240595174580114,0.05240595174580114
176.93386773547095,0.5194181716710597,0.5194181716710597,0.051941817167105976
177.87575150300603,0.5148422480401651,0.5148422480401651,0.051484224804016515
178.8176352705411,0.5103304852657349,0.5103304852657349,0.05103304852657349
179.75951903807615,0.5058816528352776,0.5058816528352776,0.05058816528352777
180.7014028056112,0.5014945501156375,0.5014945501156375,0.05014945501156375
181.6432865731463,0.4971680054765541,0.4971680054765541,0.04971680054765541
182.58517034068137,0.4929008754443122,0.4929008754443122,0.049290087544431226
183.52705410821645,0.4886920438842976,0.4886920438842976,0.04886920438842976
184.46893787575152,0.4845404212113321,0.4845404212113321,0.04845404212113322
185.4108216432866,0.480444943626706,0.480444943626706,0.0480444943626706
186.35270541082164,0.4764045723808743,0.4764045723808743,0.047640457238087436
187.29458917835672,0.4724182930608318,0.4724182930608318,0.04724182930608318
188.2364729458918,0.4684851149012192,0.4684851149012192,0.046848511490121925
189.1783567134269,0.4646040701182568,0.4646040701182568,0.04646040701182568
190.12024048096197,0.4607742132656411,0.4607742132656411,0.046077421326564116
191.062124248497,0.4569946206115744,0.4569946206115744,0.04569946206115744
192.0040080160321,0.4532643895361334,0.4532643895361334,0.045326438953613345
192.94589178356716,0.4495826379482193,0.4495826379482193,0.04495826379482193
193.8877755511022,0.4459485037213592,0.4459485037213592,0.044594850372135925
194.82965931863728,0.442361144147661,0.442361144147661,0.0442361144147661
195.7715430861724,0.4388197354092552,0.4388197354092552,0.04388197354092552
196.71342685370743,0.4353234720665811,0.4353234720665811,0.04353234720665811
197.6553106212425,0.4318715665629032,0.4318715665629032,0.043187156656290325
198.59719438877755,0.4284632487444694,0.4284632487444694,0.042846324874446944
199.53907815631263,0.4250977653957446,0.4250977653957446,0.04250977653957447
200.4809619238477,0.4217743797891793,0.4217743797891793,0.04217743797891793
201.4228456913828,0.4184923712489911,0.4184923712489911,0.04184923712489911
202.36472945891785,0.4152510347284606,0.4152510347284606,0.04152510347284606
203.30661322645287,0.4120496804002627,0.4120496804002627,0.04120496804002627
204.248496993988,0.4088876332593736,0.4088876332593736,0.04088876332593736
205.19038076152304,0.4057642327381095,0.4057642327381095,0.04057642327381095
206.1322645290581,0.4026788323328749,0.4026788323328749,0.04026788323328749
207.0741482965932,0.3996307992422127,0.3996307992422127,0.03996307992422127
208.01603206412827,0.3966195140157619,0.3966195140157619,0.03966195140157619
208.9579158316633,0.3936443702137504,0.3936443702137504,0.03936443702137504
209.8997995991984,0.390704774076657,0.390704774076657,0.0390704774076657
210.8416833667335,0.3878001442046972,0.3878001442046972,0.03878001442046972
211.7835671342685,0.3849299112467993,0.3849299112467993,0.03849299112467994
212.7254509018036,0.3820935175987455,0.3820935175987455,0.038209351759874555
213.6673346693387,0.3792904171101721,0.3792904171101721,0.037929041711017214
214.60921843687376,0.3765200748001302,0.3765200748001302,0.037652007480013024
215.55110220440883,0.3737819665809199,0.3737819665809199,0.03737819665809199
216.4929859719439,0.3710755789899218,0.3710755789899218,0.03710755789899218
217.43486973947896,0.3684004089291642,0.3684004089291642,0.03684004089291642
218.37675350701403,0.365755963412365,0.365755963412365,0.0365755963412365
219.3186372745491,0.3631417593192074,0.3631417593192074,0.03631417593192074
220.26052104208415,0.3605573231566109,0.3605573231566109,0.03605573231566109
221.20240480961925,0.3580021908267679,0.3580021908267679,0.03580021908267679
222.14428857715436,0.3554759074017289,0.3554759074017289,0.03554759074017289
223.0861723446894,0.3529780269043236,0.3529780269043236,0.03529780269043236
224.02805611222445,0.3505081120952131,0.3505081120952131,0.03505081120952131
224.96993987975952,0.3480657342658776,0.3480657342658776,0.034806573426587765
225.9118236472946,0.3456504730373511,0.3456504730373511,0.03456504730373511
226.85370741482967,0.3432619161645178,0.3432619161645178,0.03432619161645178
227.79559118236477,0.340899659345796,0.340899659345796,0.0340899659345796
228.73747494989985,0.3385633060380404,0.3385633060380404,0.033856330603804045
229.6793587174349,0.3362524672764967,0.3362524672764967,0.033625246727649674
230.62124248496997,0.3339667614996515,0.3339667614996515,0.03339667614996515
231.563126252505,0.3317058143788262,0.3317058143788262,0.03317058143788262
232.5050100200401,0.3294692586523666,0.3294692586523666,0.03294692586523666
233.4468937875752,0.3272567339642853,0.3272567339642853,0.03272567339642853
234.38877755511024,0.3250678867072227,0.3250678867072227,0.03250678867072227
235.3306613226453,0.3229023698695916,0.3229023698695916,0.03229023698695916
236.2725450901804,0.3207598428867783,0.3207598428867783,0.032075984288677827
237.21442885771543,0.3186399714962784,0.3186399714962784,0.031863997149627836
238.1563126252505,0.3165424275966461,0.3165424275966461,0.03165424275966461
239.0981963927856,0.3144668891101438,0.3144668891101438,0.03144668891101438
240.04008016032063,0.3124130398489788,0.3124130398489788,0.03124130398489788
240.98196392785573,0.3103805693850221,0.3103805693850221,0.031038056938502215
241.9238476953908,0.3083691729229029,0.3083691729229029,0.03083691729229029
242.86573146292585,0.3063785511763816,0.3063785511763816,0.030637855117638158
243.80761523046093,0.3044084102479012,0.3044084102479012,0.030440841024790125
244.749498997996,0.302458461511226,0.302458461511226,0.030245846151122604
245.69138276553107,0.300528421497075,0.300528421497075,0.0300528421497075
246.63326653306612,0.2986180117816641,0.2986180117816641,0.02986180117816641
247.5751503006012,0.2967269588780711,0.2967269588780711,0.02967269588780711
248.5170340681363,0.2948549941303425,0.2948549941303425,0.02948549941303425
249.45891783567131,0.2930018536102614,0.2930018536102614,0.02930018536102614
250.4008016032064,0.2911672780167028,0.2911672780167028,0.02911672780167028
251.3426853707415,0.2893510125774975,0.2893510125774975,0.028935101257749753
252.28456913827657,0.2875528069537386,0.2875528069537386,0.02875528069537386
253.22645290581164,0.2857724151464548,0.2857724151464548,0.028577241514645482
254.16833667334672,0.2840095954055886,0.2840095954055886,0.028400959540558865
255.1102204408818,0.2822641101412119,0.2822641101412119,0.02822641101412119
256.05210420841684,0.2805357258369148,0.2805357258369148,0.02805357258369148
256.9939879759519,0.2788242129653098,0.2788242129653098,0.02788242129653098
257.935871743487,0.2771293459055894,0.2771293459055894,0.027712934590558944
258.8777555110221,0.2754509028630813,0.2754509028630813,0.027545090286308135
259.81963927855713,0.2737886657907452,0.2737886657907452,0.02737886657907452
260.7615230460922,0.2721424203125577,0.2721424203125577,0.027214242031255772
261.7034068136272,0.2705119556487336,0.2705119556487336,0.02705119556487336
262.6452905811623,0.2688970645427327,0.2688970645427327,0.02688970645427327
263.58717434869743,0.2672975431900031,0.2672975431900031,0.02672975431900031
264.5290581162325,0.2657131911684141,0.2657131911684141,0.026571319116841408
265.4709418837675,0.2641438113703327,0.2641438113703327,0.026414381137033274
266.4128256513026,0.2625892099362993,0.2625892099362993,0.026258920993629933
267.35470941883773,0.2610491961902589,0.2610491961902589,0.02610491961902589
268.2965931863728,0.2595235825763065,0.2595235825763065,0.025952358257630648
269.2384769539078,0.2580121845969063,0.2580121845969063,0.02580121845969063
270.18036072144287,0.2565148207525441,0.2565148207525441,0.025651482075254414
271.122244488978,0.2550313124827777,0.2550313124827777,0.02550313124827777
272.0641282565131,0.2535614841086441,0.2535614841086441,0.02535614841086441
273.0060120240481,0.2521051627763909,0.2521051627763909,0.02521051627763909
273.9478957915832,0.2506621784024962,0.2506621784024962,0.02506621784024962
274.8897795591182,0.2492323636199422,0.2492323636199422,0.02492323636199422
275.8316633266533,0.2478155537257108,0.2478155537257108,0.024781555372571082
276.7735470941884,0.2464115866294695,0.2464115866294695,0.02464115866294695
277.71543086172346,0.2450203028034156,0.2450203028034156,0.024502030280341563
278.6573146292585,0.2436415452332493,0.2436415452332493,0.02436415452332493
279.5991983967936,0.2422751593702468,0.2422751593702468,0.02422751593702468
280.5410821643287,0.2409209930844055,0.2409209930844055,0.024092099308440553
281.48296593186376,0.2395788966186321,0.2395788966186321,0.023957889661863213
282.4248496993988,0.2382487225439487,0.2382487225439487,0.02382487225439487
283.36673346693385,0.236930325715691,0.236930325715691,0.0236930325715691
284.3086172344689,0.2356235632306713,0.2356235632306713,0.02356235632306713
285.25050100200406,0.2343282943852853,0.2343282943852853,0.02343282943852853
286.1923847695391,0.2330443806345358,0.2330443806345358,0.023304438063453583
287.1342685370741,0.2317716855519511,0.2317716855519511,0.02317716855519511
288.07615230460925,0.230510074790378,0.230510074790378,0.0230510074790378
289.0180360721443,0.229259416043624,0.229259416043624,0.0229259416043624
289.9599198396794,0.2280195790089293,0.2280195790089293,0.02280195790089293
290.90180360721445,0.2267904353502494,0.2267904353502494,0.02267904353502494
291.8436873747495,0.2255718586623249,0.2255718586623249,0.022557185866232492
292.7855711422846,0.2243637244355229,0.2243637244355229,0.02243637244355229
293.72745490981964,0.223165910021428,0.223165910021428,0.0223165910021428
294.66933867735474,0.2219782945991658,0.2219782945991658,0.02219782945991658
295.6112224448898,0.220800759142442,0.220800759142442,0.0220800759142442
296.55310621242484,0.2196331863872773,0.2196331863872773,0.021963318638727733
297.49498997995994,0.2184754608004232,0.2184754608004232,0.021847546080042322
298.436873747495,0.2173274685484427,0.2173274685484427,0.021732746854844272
299.3787575150301,0.2161890974674364,0.2161890974674364,0.02161890974674364
300.32064128256513,0.2150602370334035,0.2150602370334035,0.02150602370334035
301.26252505010024,0.2139407783332182,0.2139407783332182,0.021394077833321822
302.2044088176353,0.2128306140362092,0.2128306140362092,0.02128306140362092
303.1462925851704,0.2117296383663269,0.2117296383663269,0.021172963836632693
304.08817635270543,0.2106377470748856,0.2106377470748856,0.02106377470748856
305.0300601202405,0.2095548374138651,0.2095548374138651,0.02095548374138651
305.9719438877756,0.2084808081097603,0.2084808081097603,0.02084808081097603
306.9138276553106,0.2074155593379656,0.2074155593379656,0.020741555933796563
307.85571142284573,0.2063589926976797,0.2063589926976797,0.02063589926976797
308.7975951903808,0.2053110111873226,0.2053110111873226,0.02053110111873226
309.7394789579158,0.2042715191804482,0.2042715191804482,0.020427151918044822
310.6813627254509,0.2032404224021443,0.2032404224021443,0.020324042240214432
311.623246492986,0.202217627905908,0.202217627905908,0.020221762790590802
312.5651302605211,0.2012030440509841,0.2012030440509841,0.02012030440509841
313.5070140280561,0.200196580480158,0.200196580480158,0.020019658048015802
314.4488977955912,0.1991981480979906,0.1991981480979906,0.019919814809799062
315.39078156312627,0.1982076590494875,0.1982076590494875,0.019820765904948752
316.3326653306613,0.1972250266991895,0.1972250266991895,0.019722502669918953
317.2745490981964,0.1962501656106777,0.1962501656106777,0.01962501656106777
318.21643286573146,0.1952829915264827,0.1952829915264827,0.01952829915264827
319.15831663326657,0.1943234213483871,0.1943234213483871,0.01943234213483871
320.1002004008016,0.1933713731181166,0.1933713731181166,0.019337137311811664
321.0420841683367,0.1924267659984058,0.1924267659984058,0.01924267659984058
321.98396793587176,0.191489520254435,0.191489520254435,0.019148952025443502
322.9258517034068,0.1905595572356256,0.1905595572356256,0.01905595572356256
323.8677354709419,0.1896367993577901,0.1896367993577901,0.01896367993577901
324.80961923847696,0.1887211700856254,0.1887211700856254,0.01887211700856254
325.75150300601206,0.1878125939155439,0.1878125939155439,0.01878125939155439
326.6933867735471,0.1869109963588343,0.1869109963588343,0.01869109963588343
327.6352705410822,0.186016303925144,0.186016303925144,0.0186016303925144
328.57715430861725,0.1851284441062786,0.1851284441062786,0.018512844410627862
329.5190380761523,0.1842473453603074,0.1842473453603074,0.018424734536030742
330.4609218436874,0.1833729370959729,0.1833729370959729,0.01833729370959729
331.40280561122245,0.1825051496573942,0.1825051496573942,0.01825051496573942
332.34468937875755,0.1816439143090591,0.1816439143090591,0.01816439143090591
333.2865731462926,0.1807891632210995,0.1807891632210995,0.01807891632210995
334.2284569138277,0.1799408294548422,0.1799408294548422,0.01799408294548422
335.17034068136275,0.179098846948631,0.179098846948631,0.017909884694863102
336.1122244488978,0.1782631505039125,0.1782631505039125,0.017826315050391252
337.0541082164329,0.1774336757715819,0.1774336757715819,0.01774336757715819
337.99599198396794,0.1766103592385816,0.1766103592385816,0.01766103592385816
338.93787575150304,0.1757931382147476,0.1757931382147476,0.01757931382147476
339.8797595190381,0.1749819508198998,0.1749819508198998,0.017498195081989982
340.8216432865732,0.1741767359711684,0.1741767359711684,0.01741767359711684
341.76352705410824,0.1733774333705541,0.1733774333705541,0.01733774333705541
342.7054108216433,0.1725839834927158,0.1725839834927158,0.01725839834927158
343.6472945891784,0.1717963275729807,0.1717963275729807,0.017179632757298068
344.58917835671343,0.1710144075955734,0.1710144075955734,0.01710144075955734
345.53106212424854,0.1702381662820582,0.1702381662820582,0.01702381662820582
346.4729458917836,0.1694675470799908,0.1694675470799908,0.01694675470799908
347.4148296593186,0.1687024941517753,0.1687024941517753,0.01687024941517753
348.35671342685373,0.1679429523637209,0.1679429523637209,0.01679429523637209
349.2985971943888,0.1671888672752968,0.1671888672752968,0.01671888672752968
350.2404809619239,0.1664401851285776,0.1664401851285776,0.016644018512857763
351.1823647294589,0.1656968528378789,0.1656968528378789,0.016569685283787893
352.124248496994,0.1649588179795762,0.1649588179795762,0.01649588179795762
353.0661322645291,0.1642260287821062,0.1642260287821062,0.01642260287821062
354.0080160320641,0.1634984341161438,0.1634984341161438,0.01634984341161438
354.9498997995992,0.1627759834849537,0.1627759834849537,0.016277598348495372
355.89178356713427,0.1620586270149118,0.1620586270149118,0.016205862701491183
356.83366733466937,0.1613463154461933,0.1613463154461933,0.01613463154461933
357.7755511022044,0.1606390001236235,0.1606390001236235,0.01606390001236235
358.7174348697395,0.1599366329876898,0.1599366329876898,0.01599366329876898
359.65931863727457,0.1592391665657095,0.1592391665657095,0.01592391665657095
360.6012024048096,0.1585465539631514,0.1585465539631514,0.01585465539631514
361.5430861723447,0.1578587488551087,0.1578587488551087,0.01578587488551087
362.48496993987976,0.1571757054779183,0.1571757054779183,0.01571757054779183
363.42685370741486,0.1564973786209258,0.1564973786209258,0.01564973786209258
364.3687374749499,0.155823723618392,0.155823723618392,0.015582372361839202
365.310621242485,0.1551546963415381,0.1551546963415381,0.015515469634153812
366.25250501002006,0.1544902531907273,0.1544902531907273,0.01544902531907273
367.1943887775551,0.1538303510877805,0.1538303510877805,0.015383035108778052
368.1362725450902,0.153174947468422,0.153174947468422,0.0153174947468422
369.07815631262525,0.1525240002748546,0.1525240002748546,0.015252400027485461
370.0200400801604,0.1518774679484596,0.1518774679484596,0.015187746794845962
370.9619238476954,0.1512353094226214,0.1512353094226214,0.01512353094226214
371.9038076152305,0.1505974841156721,0.1505974841156721,0.015059748411567209
372.8456913827656,0.1499639519239554,0.1499639519239554,0.01499639519239554
373.7875751503006,0.1493346732150068,0.1493346732150068,0.014933467321500679
374.7294589178357,0.1487096088208478,0.1487096088208478,0.014870960882084781
375.6713426853708,0.1480887200313926,0.1480887200313926,0.01480887200313926
376.61322645290585,0.1474719685879639,0.1474719685879639,0.014747196858796392
377.5551102204409,0.1468593166769172,0.1468593166769172,0.01468593166769172
378.496993987976,0.1462507269233701,0.1462507269233701,0.01462507269233701
379.43887775551104,0.1456461623850358,0.1456461623850358,0.01456461623850358
380.3807615230461,0.1450455865461581,0.1450455865461581,0.01450455865461581
381.3226452905812,0.144448963311546,0.144448963311546,0.0144448963311546
382.2645290581162,0.1438562570007069,0.1438562570007069,0.01438562570007069
383.20641282565134,0.143267432342075,0.143267432342075,0.014326743234207502
384.1482965931864,0.1426824544673344,0.1426824544673344,0.01426824544673344
385.0901803607215,0.1421012889058345,0.1421012889058345,0.014210128890583451
386.0320641282565,0.1415239015790967,0.1415239015790967,0.01415239015790967
386.9739478957916,0.1409502587954093,0.1409502587954093,0.01409502587954093
387.9158316633267,0.1403803272445106,0.1403803272445106,0.01403803272445106
388.8577154308617,0.1398140739923576,0.1398140739923576,0.01398140739923576
389.7995991983968,0.139251466475978,0.139251466475978,0.013925146647597801
390.7414829659319,0.1386924724984066,0.1386924724984066,0.013869247249840662
391.683366733467,0.1381370602237013,0.1381370602237013,0.013813706022370132
392.625250501002,0.1375851981720393,0.1375851981720393,0.01375851981720393
393.5671342685371,0.1370368552148918,0.1370368552148918,0.013703685521489182
394.5090180360722,0.1364920005702747,0.1364920005702747,0.01364920005702747
395.4509018036072,0.1359506037980752,0.1359506037980752,0.01359506037980752
396.3927855711423,0.1354126347954524,0.1354126347954524,0.013541263479545242
397.3346693386774,0.1348780637923102,0.1348780637923102,0.013487806379231021
398.2765531062124,0.1343468613468416,0.1343468613468416,0.013434686134684161
399.2184368737475,0.1338189983411433,0.1338189983411433,0.01338189983411433
400.16032064128257,0.1332944459768989,0.1332944459768989,0.013329444597689892
401.10220440881767,0.1327731757711292,0.1327731757711292,0.013277317577112922
402.0440881763527,0.1322551595520096,0.1322551595520096,0.01322551595520096
402.9859719438878,0.1317403694547522,0.1317403694547522,0.01317403694547522
403.92785571142286,0.1312287779175518,0.1312287779175518,0.01312287779175518
404.8697394789579,0.1307203576775946,0.1307203576775946,0.013072035767759461
405.811623246493,0.1302150817671294,0.1302150817671294,0.01302150817671294
406.75350701402806,0.1297129235095984,0.1297129235095984,0.01297129235095984
407.6953907815632,0.1292138565158279,0.1292138565158279,0.01292138565158279
408.6372745490982,0.128717854680278,0.128717854680278,0.0128717854680278
409.5791583166333,0.1282248921773491,0.1282248921773491,0.01282248921773491
410.5210420841684,0.1277349434577449,0.1277349434577449,0.012773494345774489
411.4629258517034,0.1272479832448914,0.1272479832448914,0.01272479832448914
412.4048096192385,0.1267639865314097,0.1267639865314097,0.01267639865314097
413.3466933867736,0.1262829285756428,0.1262829285756428,0.012628292857564281
414.2885771543087,0.1258047848982349,0.1258047848982349,0.012580478489823492
415.2304609218437,0.1253295312787624,0.1253295312787624,0.01253295312787624
416.1723446893788,0.1248571437524154,0.1248571437524154,0.012485714375241541
417.11422845691385,0.1243875986067297,0.1243875986067297,0.012438759860672971
418.0561122244489,0.1239208723783672,0.1239208723783672,0.01239208723783672
418.997995991984,0.1234569418499448,0.1234569418499448,0.01234569418499448
419.93987975951904,0.1229957840469114,0.1229957840469114,0.01229957840469114
420.88176352705415,0.1225373762344697,0.1225373762344697,0.01225373762344697
421.8236472945892,0.1220816959145457,0.1220816959145457,0.01220816959145457
422.7655310621243,0.1216287208228019,0.1216287208228019,0.012162872082280191
423.70741482965934,0.1211784289256954,0.1211784289256954,0.012117842892569541
424.6492985971944,0.1207307984175791,0.1207307984175791,0.01207307984175791
425.5911823647295,0.1202858077178457,0.1202858077178457,0.01202858077178457
426.5330661322645,0.1198434354681139,0.1198434354681139,0.011984343546811391
427.4749498997997,0.1194036605294559,0.1194036605294559,0.011940366052945591
428.4168336673347,0.1189664619796652,0.1189664619796652,0.011896646197966522
429.3587174348698,0.1185318191105643,0.1185318191105643,0.01185318191105643
430.3006012024048,0.1180997114253526,0.1180997114253526,0.01180997114253526
431.2424849699399,0.1176701186359915,0.1176701186359915,0.011767011863599151
432.184368737475,0.1172430206606282,0.1172430206606282,0.01172430206606282
433.12625250501,0.1168183976210571,0.1168183976210571,0.011681839762105711
434.06813627254513,0.1163962298402175,0.1163962298402175,0.01163962298402175
435.0100200400802,0.1159764978397268,0.1159764978397268,0.01159764978397268
435.9519038076153,0.1155591823374509,0.1155591823374509,0.011555918233745091
436.8937875751503,0.1151442642451075,0.1151442642451075,0.01151442642451075
437.8356713426854,0.1147317246659052,0.1147317246659052,0.01147317246659052
438.7775551102205,0.1143215448922158,0.1143215448922158,0.01143215448922158
439.7194388777555,0.1139137064032798,0.1139137064032798,0.011391370640327981
440.6613226452906,0.1135081908629443,0.1135081908629443,0.01135081908629443
441.60320641282567,0.1131049801174342,0.1131049801174342,0.011310498011743421
442.5450901803607,0.1127040561931535,0.1127040561931535,0.011270405619315351
443.4869739478958,0.1123054012945184,0.1123054012945184,0.01123054012945184
444.42885771543087,0.1119089978018215,0.1119089978018215,0.01119089978018215
445.370741482966,0.111514828269125,0.111514828269125,0.011151482826912501
446.312625250501,0.1111228754221845,0.1111228754221845,0.011112287542218451
447.2545090180361,0.1107331221564013,0.1107331221564013,0.01107331221564013
448.1963927855712,0.1103455515348038,0.1103455515348038,0.011034555153480381
449.1382765531062,0.1099601467860567,0.1099601467860567,0.01099601467860567
450.0801603206413,0.1095768913024981,0.1095768913024981,0.01095768913024981
451.0220440881764,0.1091957686382042,0.1091957686382042,0.01091957686382042
451.96392785571146,0.1088167625070804,0.1088167625070804,0.010881676250708041
452.9058116232465,0.1084398567809795,0.1084398567809795,0.010843985678097951
453.8476953907816,0.1080650354878447,0.1080650354878447,0.010806503548784471
454.7895791583167,0.1076922828098799,0.1076922828098799,0.01076922828098799
455.7314629258517,0.1073215830817437,0.1073215830817437,0.01073215830817437
456.6733466933868,0.1069529207887689,0.1069529207887689,0.010695292078876891
457.61523046092185,0.1065862805652067,0.1065862805652067,0.010658628056520672
458.55711422845695,0.1062216471924943,0.1062216471924943,0.01062216471924943
459.498997995992,0.1058590055975462,0.1058590055975462,0.01058590055975462
460.4408817635271,0.1054983408510695,0.1054983408510695,0.01054983408510695
461.38276553106215,0.1051396381659013,0.1051396381659013,0.01051396381659013
462.3246492985972,0.104782882895369,0.104782882895369,0.0104782882895369
463.2665330661323,0.1044280605316727,0.1044280605316727,0.01044280605316727
464.20841683366734,0.1040751567042902,0.1040751567042902,0.01040751567042902
465.1503006012025,0.1037241571784018,0.1037241571784018,0.01037241571784018
466.0921843687375,0.1033750478533385,0.1033750478533385,0.01033750478533385
467.0340681362726,0.103027814761049,0.103027814761049,0.0103027814761049
467.9759519038077,0.1026824440645887,0.1026824440645887,0.01026824440645887
468.9178356713427,0.1023389220566286,0.1023389220566286,0.010233892205662861
469.8597194388778,0.1019972351579832,0.1019972351579832,0.010199723515798322
470.8016032064128,0.1016573699161595,0.1016573699161595,0.01016573699161595
471.743486973948,0.1013193130039241,0.1013193130039241,0.010131931300392411
472.685370741483,0.1009830512178899,0.1009830512178899,0.01009830512178899
473.6272545090181,0.1006485714771215,0.1006485714771215,0.010064857147712152
474.56913827655313,0.1003158608217585,0.1003158608217585,0.010031586082175852
475.5110220440882,0.0999849064116582,0.0999849064116582,0.00999849064116582
476.4529058116233,0.0996556955250546,0.0996556955250546,0.00996556955250546
477.3947895791583,0.0993282155572361,0.0993282155572361,0.009932821555723611
478.33667334669343,0.0990024540192404,0.0990024540192404,0.009900245401924041
479.2785571142285,0.098678398536566,0.098678398536566,0.0098678398536566
480.2204408817636,0.0983560368479013,0.0983560368479013,0.009835603684790131
481.1623246492986,0.0980353568038694,0.0980353568038694,0.009803535680386942
482.10420841683367,0.0977163463657902,0.0977163463657902,0.00977163463657902
483.0460921843688,0.0973989936044574,0.0973989936044574,0.00973989936044574
483.9879759519038,0.0970832866989327,0.0970832866989327,0.00970832866989327
484.9298597194389,0.0967692139353544,0.0967692139353544,0.00967692139353544
485.871743486974,0.0964567637057625,0.0964567637057625,0.00964567637057625
486.8136272545091,0.0961459245069375,0.0961459245069375,0.009614592450693751
487.7555110220441,0.0958366849392561,0.0958366849392561,0.00958366849392561
488.6973947895792,0.0955290337055593,0.0955290337055593,0.009552903370555931
489.6392785571143,0.0952229596100373,0.0952229596100373,0.00952229596100373
490.5811623246493,0.0949184515571267,0.0949184515571267,0.00949184515571267
491.5230460921844,0.0946154985504234,0.0946154985504234,0.00946154985504234
492.46492985971946,0.0943140896916078,0.0943140896916078,0.009431408969160782
493.4068136272545,0.0940142141793851,0.0940142141793851,0.00940142141793851
494.3486973947896,0.0937158613084382,0.0937158613084382,0.009371586130843821
495.2905811623247,0.0934190204683939,0.0934190204683939,0.009341902046839391
496.23246492985976,0.0931236811428027,0.0931236811428027,0.00931236811428027
497.1743486973948,0.092829832908131,0.092829832908131,0.009282983290813101
498.1162324649299,0.0925374654327658,0.0925374654327658,0.00925374654327658
499.05811623246495,0.092246568476033,0.092246568476033,0.009224656847603301
500.0,0.0919571318872263,0.0919571318872263,0.00919571318872263
